300047098;RJ-CR-BOT-00000(82380);105;RJ-CR-BOT-00000;CABO DUTO;921900000001/82380;3;RJO;BOT;RJ
300047078;RJ-CR-BOT-00000(82380);1;RJ-CR-BOT-00000;CDOI;921900000001/82380;0;RJO;BOT;RJ
300047076;RJ-CR-BOT-00000(82380);3;RJ-CR-BOT-00000;CDOI;921900000001/82380;0;RJO;BOT;RJ
300047073;RJ-CR-BOT-00000(82380);55;RJ-CR-BOT-00000;RISER;921900000001/82380;4;RJO;BOT;RJ
300047070;RJ-CR-BOT-00000(82380);1;RJ-CR-BOT-00000;CENARIO1;921900000001/82380;1;RJO;BOT;RJ
300047071;RJ-CR-BOT-00000(82380);1;RJ-CR-BOT-00000;CENARIO2;921900000001/82380;1;RJO;BOT;RJ
300047072;RJ-CR-BOT-00000(82380);1;RJ-CR-BOT-00000;CENARIO3;921900000001/82380;1;RJO;BOT;RJ
