300047098;RJ-CR-BOT-00000(82299);130;RJ-CR-BOT-00000;CABO DUTO;921900000001/82299;4;RJO;BOT;RJ
300047078;RJ-CR-BOT-00000(82299);1;RJ-CR-BOT-00000;CDOI;921900000001/82299;0;RJO;BOT;RJ
300047077;RJ-CR-BOT-00000(82299);1;RJ-CR-BOT-00000;CDOI;921900000001/82299;0;RJO;BOT;RJ
300047073;RJ-CR-BOT-00000(82299);30;RJ-CR-BOT-00000;RISER;921900000001/82299;2;RJO;BOT;RJ
300047070;RJ-CR-BOT-00000(82299);1;RJ-CR-BOT-00000;CENARIO1;921900000001/82299;1;RJO;BOT;RJ
300047071;RJ-CR-BOT-00000(82299);1;RJ-CR-BOT-00000;CENARIO2;921900000001/82299;1;RJO;BOT;RJ
