300047093;RJ-CR-BOT-00000(86934);90;RJ-CR-BOT-00000;CABO DUTO;921900000001/86934;3;RJO;BOT;RJ
300047079;RJ-CR-BOT-00000(86934);1;RJ-CR-BOT-00000;CDOI;921900000001/86934;0;RJO;BOT;RJ
300047080;RJ-CR-BOT-00000(86934);2;RJ-CR-BOT-00000;CDOI;921900000001/86934;0;RJO;BOT;RJ
300047082;RJ-CR-BOT-00000(86934);1;RJ-CR-BOT-00000;DVSR4;921900000001/86934;0;RJO;BOT;RJ
300047083;RJ-CR-BOT-00000(86934);1;RJ-CR-BOT-00000;DVSR8;921900000001/86934;0;RJO;BOT;RJ
300047073;RJ-CR-BOT-00000(86934);55;RJ-CR-BOT-00000;RISER;921900000001/86934;3;RJO;BOT;RJ
300047070;RJ-CR-BOT-00000(86934);1;RJ-CR-BOT-00000;CENARIO1;921900000001/86934;1;RJO;BOT;RJ
300047071;RJ-CR-BOT-00000(86934);1;RJ-CR-BOT-00000;CENARIO2;921900000001/86934;1;RJO;BOT;RJ
300047072;RJ-CR-BOT-00000(86934);1;RJ-CR-BOT-00000;CENARIO3;921900000001/86934;1;RJO;BOT;RJ
